Can I check what accounts are in my access?,ECM_Access
ecm access emea,ECM_Access
how can I access ECM,ECM_access_ECM
access ecm,ECM_access_ECM
ecm acccess emea,ECM_access_ECM
ecm emea access,ECM_access_ECM
ecm access ag,ECM_access_ECM
ecm access ap,ECM_access_ECM
ecm access na,ECM_access_ECM
ecm access eu,ECM_access_ECM
ecm eu access,ECM_access_ECM
how can I access the GSA folders,ECM_access_gsa_folders
the ECM AG task ID,ECM_AG_task_ID
contact for ecm ag,ECM_AG_task_ID
Do ECM has API channel,ECM_API_Channel
the ECM AP task ID,ECM_AP_task_ID
contact ecm ap,ECM_AP_task_ID
Is there any connection between ECM and CIRATS,ECM_connection_Cirats
ecm contact,ECM_contact_list
Is there any documentation regarding ECM tool,ECM_documentation
How does ECM work,ECM_ECM_work
the ECM EMEA task ID,ECM_EMEA_task_ID
contact ecm emea,ECM_EMEA_task_ID
Can I upload excel spreadsheet,ECM_file_upload
There is a way to upload data to ECM which sized more than 2 MB or  but it too huge for mailing,ECM_file_upload
Is there any file upload limit on ECM web,ECM_file_upload
Need to upload a MHC file which size if over 2 MB is it possible,ECM_file_upload
how can I upload Manual ID Compliance data,ECM_file_upload_manaul_ID
The Manual Health Check is used on that time when the customer not approved or technically difficult to use any automatized solution that send data to the ECM,ECM_file_upload_manual_health_check
I need a function but it is not available,ECM_function_available_ECM_usage
Is there any list which contains what kind of functions will be developed in ECM,ECM_functions_developed_ECM_usage
how can I get access to GSA folders for AG users,ECM_gsa_AG
how can I get access to GSA folders for EMEA users,ECM_gsa_EMEA
Automatic HC data not reflecting,ECM_HC
How can HC uploaded to ECM for storage systems,ECM_HC
server is not reflecting in ECM what can I do,ECM_Inventory
How to change IP address or hostname or flags,ECM_Inventory
Is ECM available from outside of IBM network,ECM_outside_IBM_ECM_usage
How can I reach the ECM tool,ECM_reach_Ecm_Tool
How can a report be generated in ECM,ECM_report_generated
how can I request revoking an access,ECM_revoking_access
There is a view where suppressions are reflecting for an account,ECM_Suppression
There is a way to amend a suppression using bulk load,ECM_Suppression
What is suppression management in ECM,ECM_Suppression
How is the suppression function working,ECM_Suppression
how can I upload files to ECM,ECM_upload_files
I can see many orphan scans regarding my account Can I ask removal of these,ECM_usage
Is there any housekeeping in ECM,ECM_usage
Systems reflecting status NewP in id compliance view,ECM_usage
ECM team opened a ticket to L3 team or  what is the status,ECM_usage
How can I register an account to ECM,ECM_usage
What is grace period rules in ECM,ECM_usage
What is grace period in ECM,ECM_usage
Which interfaces are supported with ECM,ECM_usage
Is there any refresh time in ECM,ECM_usage
issue or outage with the tool,ECM_usage
supported applications,ECM_usage
ECM report only production servers,ECM_usage
What type of systems are handled by ECM,ECM_usage
what is ECM,ECM_What_ECM
what does ecm do,ECM_what_ecm_do
functions of ecm,ECM_what_ecm_do
what ecm do,ECM_what_ecm_do
why ecm is used?,ecm_why_ecm
what is the neccessity of ecm,ecm_why_ecm
