epolicy,epolicy_about_epolicy
What is ePolicy,epolicy_about_epolicy
tell me something about epolicy,epolicy_about_epolicy
How to get an access to epolicy,epolicy_access_ePolicy
epolicy access,epolicy_access_ePolicy
types of epolicy access,epolicy_access_types
What kind of access types are in the ePolicy,epolicy_access_types
What is the benefit of ePolicy,epolicy_benefit
What is ePolicy Business Objectives,epolicy_business_Objectives
contact epolicy member,epolicy_contact_members
Who to contact the ePolicy members,epolicy_contact_members
How is the contact of the policy management,epolicy_contact_policy_management
contact policy management,epolicy_contact_policy_management
How is the contact of the threat management,epolicy_contact_threat_management
contact threat management,epolicy_contact_threat_management
What is CSD,epolicy_CSD
CSD briefly,epolicy_CSD_briefly
What kind of document type had managed by epolicy,epolicy_document_type
Where can I found education,epolicy_found_education
What is  GSD331,epolicy_GSD331
How can import threats to ePolicy,epolicy_imports_threats
What is  IseC,epolicy_Isec
need ePolicy technical specification,epolicy_need_technical_specification
When do I need a tech spec,epolicy_need_technical_specification
can you please tell me more about epolicy,epolicy_overview
ePolicy overview,epolicy_overview
what is policy management,epolicy_policy_management
what is the policy management objective,epolicy_policy_management_Objective
access epolicy japan,epolicy_reach_Aisa_and_MEA_Japan_GCG
How can I reach to the epolicy Asia and MEA_Japan_GCG,epolicy_reach_Aisa_and_MEA_Japan_GCG
access epolicy mea japan gcg,epolicy_reach_Aisa_and_MEA_Japan_GCG
access epolicy mea,epolicy_reach_Aisa_and_MEA_Japan_GCG
access epolicy asia,epolicy_reach_Aisa_and_MEA_Japan_GCG
access epolicy ap,epolicy_reach_Aisa_and_MEA_Japan_GCG
access epolicy eu,epolicy_reach_Europe
access eu epolicy,epolicy_reach_Europe
How can I reach to the epolicy Europe,epolicy_reach_Europe
How can I reach to the epolicy North America,epolicy_reach_North_America
access epolicy na,epolicy_reach_North_America
access na epolicy,epolicy_reach_North_America
How to open new epolicy  requirement,epolicy_requirement
What is the technical specification,epolicy_technical_specification
Technical specification contacts,epolicy_technical_specification_contacts
I have found an existing tech spec in the directory of unsupported account level tech specs.. can I make an update or change to this tech spec,epolicy_update_or_change_technical_specification
